,Pro Name,Team,Server,AccName,CurRank
0,4LaN,Machi E-Sports,BR,4LaN,Master [247 LP]
1,4LaN,Machi E-Sports,BR,Rei dos Flinston,Diamond I
2,957,Team World Elite,KR,957,Unranked
3,Able,Royal Never Give Up,KR,hkjniodsfuvrewt,Platinum III
4,Able,Royal Never Give Up,KR,lpwafdw08,Unranked
5,Absolut,Team oNe eSports,BR,4bsolut NGDA,Challenger [465 LP]
6,Achuu,HWA Gaming,EUW,Achuu,Master [184 LP]
7,ADD,MVP,KR,MVP ADD,Challenger [826 LP]
8,ADD,MVP,KR,진주강씨29대손,Unranked
9,Adrian,Echo Fox,NA,Adrian Ma,Unranked
10,Adrian,Echo Fox,NA,FOX Adrian1,Unranked
11,Adrian,Echo Fox,NA,10 24 2017,Platinum II
12,Adrian,Echo Fox,NA,crow5,Diamond IV
13,Aiming,Afreeca Freecs,KR,59030865del,Diamond I
14,Akaadian,OpTic Gaming,KR,RlCK FOX,Unranked
15,Akaadian,OpTic Gaming,NA,swagwarrior408,Diamond III
16,Akaadian,OpTic Gaming,NA,zyzzlover37,Unranked
17,Akaadian,OpTic Gaming,NA,attack dog,Challenger [343 LP]
18,Akaadian,OpTic Gaming,NA,im hydrated bro,Unranked
19,Albis,AHQ e-Sports Club,KR,쓸쓸한 기분에,Unranked
20,Albis,AHQ e-Sports Club,KR,비슷한 걸 해요,Unranked
21,Albis,AHQ e-Sports Club,KR,NoYuiNoBABYMETAL,Diamond III
22,Alex,,KR,자폐아 어린이,Platinum I
23,Alex Ich,,NA,monkaSHAKEE,Diamond III
24,Alex Ich,,NA,x Jimmy Neutron,Unranked
25,Allorim,Echo Fox,NA,Allorim,Challenger [333 LP]
26,Allorim,Echo Fox,NA,Mirolla,Gold I
27,Alphari,Misfits,KR,XxDaku6969,Unranked
28,Alphari,Misfits,EUW,Alphari,Challenger [359 LP]
29,Alphari,Misfits,EUW,greasy clean,Unranked
30,Alphari,Misfits,KR,Captain Alphari,Unranked
31,Alphari,Misfits,EUW,Jean Bison,Unranked
32,Alphari,Misfits,KR,meatheadmuggshot,Platinum II
33,Altec,Echo Fox,NA,AD ME1 SAN,Challenger [423 LP]
34,Altec,Echo Fox,NA,wxxm6,Diamond IV
35,Amazing,,EUW,S04 Amazing,Master [183 LP]
36,Ambition,Gen.G,KR,maengsdog,Diamond I
37,Ambition,Gen.G,KR,C medalist,Unranked
38,Ambition,Gen.G,KR,Gen G Ambition,Diamond I
39,Ambition,Gen.G,NA,hahalo,Unranked
40,Ambition,Gen.G,KR,maengsdog,Diamond I
41,AN,AHQ e-Sports Club,KR,Wo jo lan A,Unranked
42,AnDa,100 Thieves,NA,Minyoung,Unranked
43,AnDa,100 Thieves,NA,mulgokizary,Diamond I
44,AnDa,100 Thieves,NA,Chorong,Unranked
45,AnDa,100 Thieves,NA,Somin,Diamond IV
46,AnDa,100 Thieves,KR,chorongie2,Master [350 LP]
47,Annes,,EUW,Annes,Diamond I
48,Annes,,EUW,Ka ik snak li nu,Unranked
49,AoD,,EUW,OldShrewdRaven,Unranked
50,AoD,,EUW,AøD,Diamond I
51,aphromoo,100 Thieves,NA,aphromoo,Master [128 LP]
52,aphromoo,100 Thieves,NA,Zbuum,Unranked
53,aphromoo,100 Thieves,KR,Jetaun,Diamond II
54,Apollo,Clutch Gaming,NA,Apollo Price,Master [51 LP]
55,Apollo,Clutch Gaming,NA,ApoIIo Price,Unranked
56,Apollo,Clutch Gaming,NA,Flula Borg,Unranked
57,Apollo,Clutch Gaming,NA,Pretty Raheem,Unranked
58,Apollo,Clutch Gaming,NA,Lokeneve,Unranked
59,Archie,GigaByte Marines,KR,12 08 2018,Platinum V
60,Arcsecond,,NA,Arcminute,Platinum I
61,Arcsecond,,NA,Second of Arc,Platinum I
62,Arcsecond,,NA,Archour,Diamond V
63,Arcsecond,,NA,Arcsecond,Diamond III
64,Ares,bbq Olivers,KR,킹갓사우루스,Diamond II
65,Armut,HWA Gaming,EUW,Tosuncuk,Diamond I
66,Arrow,OpTic Gaming,KR,DongTak,Master [21 LP]
67,Arrow,OpTic Gaming,NA,Arrowlol,Unranked
68,Arrow,OpTic Gaming,NA,OpTic Arrow,Diamond I
69,Arrow,OpTic Gaming,NA,League Of Arrow,Unranked
70,Arrow,OpTic Gaming,NA,Sheathotthotthot,Unranked
71,Arrow,OpTic Gaming,KR,밤새흐르는봄비,Unranked
72,Asper,Hanwha Life Esports,KR,HLE Asper,Master [245 LP]
73,Attila,Team Vitality,KR,VIT Attila,Diamond II
74,Audi,,KR,Freecss,Unranked
75,Ayel,INTZ e-Sports,BR,self betterment,Challenger [751 LP]
76,Ayel,INTZ e-Sports,BR,exceed apogee,Diamond II
77,b4dd,T Show,BR,Im random,Challenger [401 LP]
78,Balls,,NA,d2pIayer,Diamond IV
79,Balls,,NA,AnDa,Unranked
80,Balls,,NA,1.23123E+11,Unranked
81,Balls,,NA,helIo worId,Unranked
82,Balls,,NA,erenyeger,Unranked
83,Bang,SK Telecom T1,KR,SKT T1 Bang,Challenger [486 LP]
84,Bang,SK Telecom T1,KR,안녕잘가즐거웠어,Unranked
85,Bang,SK Telecom T1,NA,SKTeIecomT1Bang,Unranked
86,Bang,SK Telecom T1,BR,SK TelecomT1Bang,Unranked
87,Baolan,Invictus Gaming,KR,955484,Diamond V
88,baybay,G-Rex,KR,baybaybay,Diamond II
89,Bdd,King-Zone Dragonx,KR,8111597del,Unranked
90,Bdd,King-Zone Dragonx,KR,KZ Bdd,Diamond I
91,Bdd,King-Zone Dragonx,KR,412431234,Unranked
92,Bdd,King-Zone Dragonx,KR,피넛사냥개1,Unranked
93,Bdd,King-Zone Dragonx,KR,WaterDumplings,Challenger [607 LP]
94,Bdd,King-Zone Dragonx,EUW,ddb,Platinum V
95,Ben,Team World Elite,KR,레드콤보주면캐리,Diamond I
96,Ben,Team World Elite,KR,남동현,Challenger [648 LP]
97,Benny,MAD Team,KR,wslaoem03,Diamond II
98,Benny,MAD Team,KR,Breaker Fans,Diamond II
99,BeryL,DAMWON Gaming,KR,DWG BeryL,Challenger [792 LP]
100,Betsy,Giants Gaming,EUW,Giants Betsy,Diamond IV
101,Betsy,Giants Gaming,EUW,3 Amber Rose 4,Unranked
102,Betsy,Giants Gaming,EUW,Betsy Junior,Unranked
103,Betty,Flash Wolves,KR,FVV BETTY,Unranked
104,Betty,Flash Wolves,KR,SkrSkrSkrSkr,Master [149 LP]
105,Betty,Flash Wolves,EUW,TWgaoxuecheng,Platinum III
106,Beyond,MVP,KR,MVP Yondu,Diamond I
107,Beyond,MVP,KR,박학심문,Unranked
108,Big,,NA,Bíg T,Diamond I
109,bigfatlp,,NA,bigfatlp,Diamond I
110,BigKoro,Phong Vũ Buffalo,KR,Unbrokenn,Diamond I
111,Biofrost,Counter Logic Gaming,NA,Biofrost,Challenger [510 LP]
112,Biofrost,Counter Logic Gaming,BR,Meme Mage,Unranked
113,Biofrost,Counter Logic Gaming,NA,Sun Prince,Diamond II
114,Biofrost,Counter Logic Gaming,KR,NA Khadgar,Unranked
115,BioPanther,Dire Wolves,KR,COT BioPanther,Diamond I
116,Bjergsen,Team SoloMid,KR,TSM중단비역슨,Unranked
117,Bjergsen,Team SoloMid,NA,Søren Bjerg,Challenger [484 LP]
118,Bjergsen,Team SoloMid,NA,qldurtms,Diamond I
119,Bjergsen,Team SoloMid,BR,MSI Bjergsen,Unranked
120,Bjergsen,Team SoloMid,NA,QjlahHDSt6,Unranked
121,Bjergsen,Team SoloMid,NA,Varmerop,Unranked
122,Bjergsen,Team SoloMid,KR,레지날드 제자,Unranked
123,Blaber,Cloud9,KR,blaberfish2,Master [165 LP]
124,Blank,SK Telecom T1,KR,SKT T1 BIank,Master [244 LP]
125,Blank,SK Telecom T1,KR,멜리크리스마스,Unranked
126,Blank,SK Telecom T1,KR,갱만가드림,Unranked
127,Blank,SK Telecom T1,NA,Find Teemo,Unranked
128,Blank,SK Telecom T1,BR,flowerflash,Unranked
129,Blank,SK Telecom T1,KR,사이온나무꾼,Challenger [552 LP]
130,Bless,,KR,현웅쀼,Platinum V
131,Bless,,KR,So1o,Challenger [430 LP]
132,Bless,,KR,겨울나라얼음공주,Unranked
133,Blossom,SK Telecom T1,KR,SKT T1 Blossom,Challenger [742 LP]
134,Brandini,Team SoloMid,NA,TheeBrandini,Master [202 LP]
135,Brandini,Team SoloMid,NA,Houdini Brandini,Diamond V
136,Brandini,Team SoloMid,KR,FOX Broomdini,Unranked
137,Breeze,MAD Team,KR,MAD l3reeze,Challenger [537 LP]
138,Broken Blade,Royal Bandits,EUW,Unconscious,Challenger [475 LP]
139,Broken Blade,Royal Bandits,EUW,RBE Broken Blade,Challenger [584 LP]
140,Brook,Hanwha Life Esports,KR,HLE Brook,Master [155 LP]
141,Broxah,Fnatic,EUW,FNC Broxah,Diamond I
142,Broxah,Fnatic,EUW,Maocrs,Diamond V
143,Broxah,Fnatic,KR,FNC Brox,Master [0 LP]
144,brTT,RED Canids,BR,FLA brTT      11,Master [93 LP]
145,brTT,RED Canids,BR,Fica de boa ai,Unranked
146,brTT,RED Canids,BR,Eu como caju,Unranked
147,Brucer,Team oNe eSports,BR,Brucer,Master [319 LP]
148,Brucer,Team oNe eSports,BR,HawaianoéBruto,Diamond II
149,Brucer,Team oNe eSports,BR,Flingons,Unranked
150,Bunny FuFuu,,NA,C9 Bunny FuFuu,Gold I
151,Bunny FuFuu,,NA,LiL Bunny FuFuu,Gold I
152,Bunny FuFuu,,NA,BUNNIE FUFUU,Platinum V
153,Bwipo,Fnatic,EUW,FNC Bwipo,Diamond I
154,Bwipo,Fnatic,KR,I will trade,Master [308 LP]
155,Cabochard,Team Vitality,EUW,Hubert Bonisseur,Platinum III
156,Cabochard,Team Vitality,EUW,Stephan Bodzin,Diamond I
157,Cabochard,Team Vitality,EUW,Cabobeau,Gold I
158,Cabochard,Team Vitality,KR,otwoeur11,Diamond I
159,Candy,G-Rex,KR,OvOzz,Diamond I
160,Candy,G-Rex,KR,QQ123,Master [59 LP]
161,Candy,G-Rex,KR,OvOzz,Diamond I
162,Candy,G-Rex,KR,QQ123,Master [59 LP]
163,Caps,Fnatic,EUW,FNC Caps0,Unranked
164,Caps,Fnatic,EUW,1Charm1Kill,Silver III
165,Caps,Fnatic,EUW,FNC Caps1,Diamond I
166,Caps,Fnatic,KR,Fnc Caps Mid,Master [298 LP]
167,Cepted,Royal Bandits,KR,뭐야 힝,Diamond I
168,Cepted,Royal Bandits,KR,tazhong mei shan,Diamond III
169,Cepted,Royal Bandits,EUW,RBE çöpted,Platinum III
170,Cepted,Royal Bandits,EUW,mid or supernoob,Platinum III
171,Ceros,DetonatioN FocusMe,KR,llllIlllllll,Diamond IV
172,Chaser,,KR,Chaser,Diamond I
173,Chaser,,KR,하HAHO호,Unranked
174,Chaser,,NA,Chasér,Unranked
175,Chawy,Hong Kong Attitude,KR,행운의 변화,Unranked
176,Chawy,Hong Kong Attitude,KR,ywilu,Platinum I
177,Chei,,KR,2년동안의휴식,Diamond V
178,Chei,,KR,최선 선호,Diamond II
179,Chei,,EUW,Troll Ace,Unranked
180,Chippys,,KR,my head,Unranked
181,Chippys,,OCE,rice1,Platinum I
182,Chippys,,EUW,Chippys,Platinum III
183,Chovy,Griffin,KR,댕 체,"Challenger [1,037 LP]"
184,Clearlove,EDward Gaming,KR,러브오빠,Diamond I
185,Clid,JD Gaming,KR,GabrielCRO,Challenger [628 LP]
186,Coco,YouthCrew Esports,EUW,BERK KOCAMAN,Platinum III
187,Cody Sun,100 Thieves,NA,LiI Capri Sun,Platinum I
188,Cody Sun,100 Thieves,NA,Cody Sun,Master [277 LP]
189,Cody Sun,100 Thieves,KR,oqtoht04,Diamond I
190,Comeback,,KR,초심자의남자갑주,Diamond IV
191,Comeback,,KR,케이티 하차니,Platinum V
192,Comeback,,EUW,sdfsaffafasf,Unranked
193,Condi,Team World Elite,KR,MyImaster,Unranked
194,Contractz,Golden Guardians,NA,Contractz,Unranked
195,Contractz,Golden Guardians,NA,ctz,Gold I
196,Contractz,Golden Guardians,EUW,tabbo,Unranked
197,Contractz,Golden Guardians,KR,jajanken,Unranked
198,CoreJJ,Gen.G,KR,1521819del,Unranked
199,CoreJJ,Gen.G,KR,CoreJangJeon,Unranked
200,CoreJJ,Gen.G,NA,CoreJJNA,Unranked
201,CoreJJ,Gen.G,KR,Gen G CoreJJ,Challenger [619 LP]
202,CozQ,,EUW,IIIlllIlIIlllII,Platinum IV
203,Crash,Machi E-Sports,KR,toyz,Challenger [389 LP]
204,Crazy,bbq Olivers,KR,CCrazy,Master [325 LP]
205,Croc,Rampage,KR,zzangjeolmi fan,Diamond I
206,Crow,,KR,기업지,Diamond I
207,Crown,Gen.G,KR,Gen G Crown,Diamond III
208,Crown,Gen.G,KR,삼성갤럭시크라운,Unranked
209,Crown,Gen.G,NA,Ariana Grandee,Unranked
210,Crown,Gen.G,KR,땅만안짚으면되지,Challenger [506 LP]
211,Crown,Gen.G,KR,땅만안짚으면되지,Challenger [506 LP]
212,Crush,Team BattleComics,KR,BtC Crush,Challenger [482 LP]
213,Cupcake,Dire Wolves,EUW,DW Cupcake,Platinum III
214,Cupcake,Dire Wolves,KR,DW Coach1,Diamond IV
215,CuVee,Gen.G,KR,삼성 쿠베,Unranked
216,CuVee,Gen.G,NA,ccabi,Unranked
217,CuVee,Gen.G,KR,Gen G cuvee,Challenger [651 LP]
218,Cuzz,King-Zone Dragonx,KR,9253569del,Unranked
219,Cuzz,King-Zone Dragonx,KR,김박문,Unranked
220,Cuzz,King-Zone Dragonx,KR,KZ Cuzz,Challenger [982 LP]
221,Cuzz,King-Zone Dragonx,KR,AaxZ,Diamond I
222,Cuzz,King-Zone Dragonx,EUW,Beube,Platinum III
223,dade,,KR,닉변한다데,Diamond II
224,Damonte,Echo Fox,NA,Tanner Damonte,Diamond II
225,Damonte,Echo Fox,NA,Damonte,Platinum I
226,Damonte,Echo Fox,NA,Lz Sword,Unranked
227,Danagorn,T Show,BR,Danagorn,Gold I
228,Danagorn,T Show,BR,RonaldinhoGaucho,Platinum IV
229,Dara,Rampage,KR,Sup Dara,Platinum III
230,Dardoch,Echo Fox,KR,very artistic,Unranked
231,Dardoch,Echo Fox,NA,dd king,Platinum IV
232,Dardoch,Echo Fox,NA,tilted dardoch,Unranked
233,Dardoch,Echo Fox,NA,BrnxSpecks,Diamond IV
234,Dardoch,Echo Fox,NA,egirl Dardoch,Unranked
235,Dardoch,Echo Fox,NA,dd god,Diamond V
236,Dardoch,Echo Fox,NA,ghetto oprah,Unranked
237,Dardoch,Echo Fox,NA,clg dd,Unranked
238,Dardoch,Echo Fox,NA,lIlIlIlIlIllII,Platinum II
239,Dardoch,Echo Fox,NA,dd dog,Diamond V
240,Darshan,Counter Logic Gaming,NA,Darshan,Diamond II
241,Darshan,Counter Logic Gaming,NA,dardarbinks,Unranked
242,Darshan,Counter Logic Gaming,NA,Aqualine Skull,Gold I
243,Darshan,Counter Logic Gaming,NA,ATOZSELLOUTBOYS,Unranked
244,Deadly,Giants Gaming,EUW,Yoppa slave 1,Diamond II
245,Deft,KT Rolster,KR,가나라마아바,Diamond I
246,Deft,KT Rolster,KR,KT DEFT,Diamond I
247,Deft,KT Rolster,KR,열심히좀해라,Unranked
248,Deft,KT Rolster,KR,Deft1,Unranked
249,Deft,KT Rolster,NA,TP FROM S5,Unranked
250,Deft,KT Rolster,KR,꾸누뚜루무뿌쑤,Challenger [478 LP]
251,Destiny,,KR,LGDW FIGHTING,Unranked
252,Deul,,KR,크러쉬지코딘,Diamond I
253,Diamondprox,Gambit Esports,EUW,Mighty Holy Cow,Diamond II
254,Diamondprox,Gambit Esports,KR,PeacefulFarmer,Diamond II
255,Djoko,Giants Gaming,EUW,V Djok0,Unranked
256,Djoko,Giants Gaming,EUW,M Djoko,Unranked
257,Doinb,Rogue Warriors,KR,Heart,Diamond II
258,DoRaoN,Team BattleComics,KR,BtC Do LaoN,Master [149 LP]
259,Doublelift,Team Liquid,NA,Doublelift,Diamond I
260,Doublelift,Team Liquid,NA,doubleliftfanboy,Unranked
261,Doublelift,Team Liquid,NA,Peng Yiliang,Platinum III
262,Doublelift,Team Liquid,EUW,american pubstar,Platinum II
263,Doublelift,Team Liquid,KR,NA OMEGALUL,Diamond III
264,Dove,Team BattleComics,KR,BtC Dove,Master [259 LP]
265,Dreams,Team Vitality,KR,dreams came true,Diamond III
266,Dreams,Team Vitality,EUW,V Dreams,Challenger [688 LP]
267,Dreams,Team Vitality,KR,VIT Dreams,Challenger [383 LP]
268,DudsTheBoy,T Show,BR,DUDSZADA MECTREF,Diamond I
269,DudsTheBoy,T Show,BR,mina de amigo,Master [90 LP]
270,DudsTheBoy,T Show,BR,NA KUCKEIRA BIXO,Diamond I
271,Duke,Invictus Gaming,KR,시암뤼,Diamond I
272,Dumbledoge,Royal Bandits,EUW,MeowthThatsRight,Master [41 LP]
273,Dynquedo,KaBuM! e-Sports,EUW,MC PP DA VS,Gold I
274,Dynquedo,KaBuM! e-Sports,KR,zeca urubu,Diamond I
275,Edge,Kongdoo Monster,KR,KDM Edge,Master [2 LP]
276,Edward,Gambit Esports,KR,Marusia1v9,Diamond V
277,Effort,SK Telecom T1,KR,롤오브레전드1234,Challenger [573 LP]
278,Ella,,KR,챌린저등반가,Diamond V
279,Empt2y,G-Rex,KR,IIlIIlIlIlIlIlIl,Diamond I
280,Envy,INTZ e-Sports,BR,assassin player,Challenger [925 LP]
281,Envy,INTZ e-Sports,BR,nikto,Challenger [697 LP]
282,esA,Keyd Stars,BR,esA,Challenger [467 LP]
283,esA,Keyd Stars,BR,gordim gostoso,Unranked
284,esA,Keyd Stars,BR,gordim ice tea,Diamond IV
285,esA,Keyd Stars,BR,Sedex trolla MT,Challenger [386 LP]
286,Evi,DetonatioN FocusMe,KR,TOHOHO,Unranked
287,Evi,DetonatioN FocusMe,KR,DFM Evi,Challenger [561 LP]
288,Exileh,Unicorns Of Love,EUW,Exileh,Diamond II
289,Exileh,Unicorns Of Love,KR,otol3,Unranked
290,Expect,Fnatic,BR,ExDpect,Unranked
291,Expect,Fnatic,EUW,G2 Expect,Unranked
292,fabFabulous,SuperMassive eSports,EUW,ehehehehe,Diamond I
293,fabFabulous,SuperMassive eSports,KR,복 지 리 탕,Diamond III
294,Faker,SK Telecom T1,KR,SKT T1 Faker,Unranked
295,Faker,SK Telecom T1,KR,Hide on bush,Challenger [847 LP]
296,Faker,SK Telecom T1,KR,sliced cheese,Gold I
297,Faker,SK Telecom T1,BR,19960507,Unranked
298,Febiven,Clutch Gaming,EUW,Iamzeprize,Master [23 LP]
299,Febiven,Clutch Gaming,EUW,Wesley Million,Unranked
300,Febiven,Clutch Gaming,EUW,FEB1VENN,Platinum V
301,Ferchu,T Show,BR,Ferchuchu,Master [259 LP]
302,Fireloli,,KR,StiII Waiting,Unranked
303,Fix,Kaos Latin Gamers,EUW,alto lagg,Platinum IV
304,Fix,Kaos Latin Gamers,KR,고치다,Diamond II
305,Flame,FlyQuest,KR,임모탈스 Flame,Platinum V
306,Flame,FlyQuest,NA,flameflameflame,Diamond I
307,Flame,FlyQuest,KR,LGD LaCoStE,Unranked
308,Flame,FlyQuest,KR,임모탈스 Flame,Platinum V
309,Flame,FlyQuest,KR,Flyquest Flame,Unranked
310,Flawless,Rogue Warriors,KR,fulaolisi,Master [291 LP]
311,Fly,Gen.G,KR,검은머리사나이,Master [355 LP]
312,FoFo,J Team,KR,ouoouououou,Master [242 LP]
313,FORG1VEN,Origen,EUW,YaphetS7,Platinum II
314,Froggen,Origen,KR,Froggen lolxD,Unranked
315,Froggen,Origen,KR,애니비아 아빠,Unranked
316,Froggen,Origen,NA,Anivia Kid,Master [250 LP]
317,Froggen,Origen,EUW,Froggen,Diamond III
318,Froggen,Origen,EUW,YouGotFrogged,Diamond IV
319,Frozen,1907 Fenerbahce,KR,터키사람아니에요,Platinum II
320,Frozen,1907 Fenerbahce,EUW,RozenF,Diamond I
321,G4,Ascension Gaming,EUW,Planetar1um,Platinum III
322,G4,Ascension Gaming,KR,need sugar,Diamond I
323,Gaeng,PENTAGRAM,EUW,Gaeng,Platinum V
324,Gate,,KR,Gate NA,Unranked
325,Gate,,NA,230,Platinum IV
326,Gate,,NA,1.23457E+15,Unranked
327,Gate,,NA,chelly,Unranked
328,Gate,,NA,J4o7pnHxqmY,Unranked
329,GBM,SuperMassive eSports,EUW,Furkan god,Diamond V
330,GBM,SuperMassive eSports,KR,IG Rook1e,Diamond III
331,Gemini,Hong Kong Attitude,KR,20180111,Unranked
332,Genthix,Rainbow7,EUW,Dog Yit,Gold I
333,Ggoong,Topsports Gaming,KR,TOP Ggoong,Master [131 LP]
334,Ghost,bbq Olivers,KR,6학년4반장용준,Master [348 LP]
335,Ghost,bbq Olivers,KR,35781080del,Unranked
336,GodKwai,Hong Kong Attitude,KR,d2myhome,Unranked
337,Goku,ProGaming e-Sports,BR,goku chan,Master [309 LP]
338,Goku,ProGaming e-Sports,BR,Beije a chuva,Challenger [467 LP]
339,Goku,ProGaming e-Sports,BR,Hatsune Míku,Diamond I
340,Goldenglue,Cloud9,KR,Goldenglue,Unranked
341,Goldenglue,Cloud9,NA,goldenglue,Challenger [825 LP]
342,Goldenglue,Cloud9,NA,growth mindset,Diamond IV
343,Goldenglue,Cloud9,NA,LQD Matt,Unranked
344,Goldenglue,Cloud9,KR,C9 황금풀,Master [8 LP]
345,GorillA,King-Zone Dragonx,KR,KZ GorillA,Challenger [483 LP]
346,GorillA,King-Zone Dragonx,KR,앙릴모띠,Unranked
347,GorillA,King-Zone Dragonx,NA,MAKTAPPORO,Unranked
348,Grace,Jin Air Green Wings,KR,집중력조절장인,Master [303 LP]
349,Grig,Team SoloMid,NA,Low Tempo JG,Challenger [703 LP]
350,Grig,Team SoloMid,NA,whitelotus2,Unranked
351,Hai,,NA,SimplyHai,Challenger [386 LP]
352,Hai,,NA,BaamSouma,Unranked
353,Hai,,NA,deactivatedc9,Gold I
354,Hakuho,Clutch Gaming,NA,Hakuho,Challenger [422 LP]
355,Hakuho,Clutch Gaming,KR,Give me supp,Unranked
356,Han,Kongdoo Monster,KR,코콰콜라,Master [27 LP]
357,Han,Kongdoo Monster,KR,율천고 최현우,Challenger [452 LP]
358,Hana,J Team,KR,Tia Ray,Master [69 LP]
359,Hanabi,Flash Wolves,EUW,Illya is my wife,Platinum IV
360,Hanabi,Flash Wolves,KR,Shiodome M1una,Master [25 LP]
361,Hans sama,Misfits,EUW,Kyn Sama,Gold I
362,Hans sama,Misfits,EUW,09 02 1999,Platinum I
363,Hans sama,Misfits,EUW,Super sama,Master [148 LP]
364,Hans sama,Misfits,EUW,1245124,Gold I
365,Hans sama,Misfits,EUW,MSF Hans sama5,Unranked
366,Hans sama,Misfits,KR,TrackingTheWeebs,Unranked
367,Hans sama,Misfits,KR,MSF Deku,Platinum II
368,Haro,EDward Gaming,KR,otwoeu01,Diamond I
369,Haru,Gen.G,KR,KunikidaHanamaru,Diamond I
370,Haru,Gen.G,KR,Dear Brave,Unranked
371,Haru,Gen.G,KR,shirushi,Diamond I
372,Hauntzer,Team SoloMid,KR,Wolhaiksong,Unranked
373,Hauntzer,Team SoloMid,NA,ice,Platinum IV
374,Hauntzer,Team SoloMid,NA,Kholin,Diamond I
375,Hauntzer,Team SoloMid,NA,TenThousand,Platinum I
376,Hauntzer,Team SoloMid,BR,DaJiaHao,Unranked
377,Hauntzer,Team SoloMid,NA,Hauntzer,Unranked
378,Hauntzer,Team SoloMid,NA,Domawashi,Unranked
379,Hauntzer,Team SoloMid,KR,TSM 하운쳐,Unranked
380,Hauntzer,Team SoloMid,KR,물에 젖어 라,Unranked
381,HeaQ,Team ROCCAT,EUW,ROCCAT HEAQ,Master [0 LP]
382,Helper,,KR,노니노니노,Platinum V
383,Helper,,KR,도데채 외않돼죠,Unranked
384,Helper,,KR,챌린져 등반가,Diamond I
385,Hjärnan,G2 Esports,EUW,ööööööööööh,Platinum I
386,Hjärnan,G2 Esports,EUW,Hjärnanbakomallt,Unranked
387,Hjärnan,G2 Esports,EUW,New folder kebab,Diamond I
388,Hjärnan,G2 Esports,KR,G2 야난,Diamond III
389,Hoit,DAMWON Gaming,KR,호잇이,Challenger [820 LP]
390,Huhi,Counter Logic Gaming,NA,huhi,Challenger [716 LP]
391,Huhi,Counter Logic Gaming,NA,2geTher,Unranked
392,Huni,Echo Fox,KR,뚱후니,Unranked
393,Huni,Echo Fox,KR,SKT T1 Huni,Unranked
394,Huni,Echo Fox,NA,dhn,Unranked
395,Huni,Echo Fox,NA,ADC Huni,Unranked
396,Huni,Echo Fox,BR,Carb is my life,Unranked
397,Hylissang,Fnatic,EUW,FNC Hylissang,Diamond I
398,Hylissang,Fnatic,KR,Svveeney Todd,Master [-3 LP]
399,Ian,MVP,KR,MVP Ian,Challenger [681 LP]
400,iBoy,EDward Gaming,KR,iboy1,Master [99 LP]
401,iBoy,EDward Gaming,KR,젠츄리챙챙,Challenger [569 LP]
402,iBoy,EDward Gaming,KR,wsFW005,Diamond V
403,IceBeasto,,EUW,IceBeasto,Master [277 LP]
404,IgNar,bbq Olivers,KR,IgNar,Platinum III
405,IgNar,bbq Olivers,EUW,Fantastic Duo2,Unranked
406,IgNar,bbq Olivers,KR,아라가키 동근,Diamond I
407,ikssu,,KR,3787807del,Platinum II
408,ikssu,,KR,짱 콜라 지렸다,Master [103 LP]
409,Imp,Team World Elite,KR,xiaolongxia,Diamond V
410,Imp,Team World Elite,KR,imp fan,Challenger [485 LP]
411,Impact,Team Liquid,KR,어녕이,Unranked
412,Impact,Team Liquid,NA,Liquid Impact,Master [189 LP]
413,Impact,Team Liquid,NA,307,Unranked
414,Impact,Team Liquid,KR,구름구매운고추,Unranked
415,Impact,Team Liquid,EUW,msi1819,Platinum II
416,Impact,Team Liquid,KR,올반명란만두,Diamond II
417,Inition,,EUW,UOL Inition,Diamond II
418,Inori,,NA,Liquid Inori,Unranked
419,Inori,,NA,Pay No Mind,Unranked
420,inSec,,KR,Choi inSec,Master [115 LP]
421,InTreso,Ascension Gaming,EUW,FlrstOne,Platinum V
422,JackeyLove,Invictus Gaming,KR,qweqwascxxzsdxz,Unranked
423,JackeyLove,Invictus Gaming,KR,qweqwazxczxcsdxs,Unranked
424,JackeyLove,Invictus Gaming,KR,7695143del,Unranked
425,JackeyLove,Invictus Gaming,KR,xncdwedkaql,Diamond V
426,Jactroll,Team Vitality,EUW,Modigliani,Master [11 LP]
427,Jactroll,Team Vitality,KR,V Jactroll,Diamond I
428,Jankos,G2 Esports,EUW,G2 Jerkz,Master [185 LP]
429,Jankos,G2 Esports,EUW,Polish Wonderb0y,Diamond I
430,Jankos,G2 Esports,EUNE,Jankoss,Unranked
431,Jankos,G2 Esports,EUW,llIlllllIIllllll,Diamond IV
432,Jankos,G2 Esports,KR,G2 Jankos,Master [0 LP]
433,Jelly,Afreeca Freecs,KR,초록내복 사나이,Challenger [402 LP]
434,Jensen,Cloud9,NA,a new beginning,Challenger [339 LP]
435,Jensen,Cloud9,NA,C9 Jensen,Platinum II
436,Jensen,Cloud9,NA,C9 TOXIC MID,Unranked
437,Jensen,Cloud9,NA,C9 Incarnati0nn,Unranked
438,Jensen,Cloud9,KR,구름구 젠슨,Unranked
439,Jensen,Cloud9,KR,씨나인 젠슨,Master [63 LP]
440,Jesiz,Origen,EUW,Jesse McLee,Diamond I
441,Jesiz,Origen,KR,FNATIC jesiz,Unranked
442,Jesiz,Origen,KR,FNC Smoothie,Unranked
443,Jesiz,Origen,EUW,klocked,Platinum I
444,Jiizuke,Team Vitality,EUW,VIT Jiizuké,Diamond I
445,Jiizuke,Team Vitality,KR,V ITALY Jiizuke,Diamond I
446,Jinoo,LGD Gaming,KR,daydayupup,Challenger [428 LP]
447,Jirall,Rainbow7,EUW,in my bones,Platinum V
448,Jisu,,EUW,Diplomacy gold,Unranked
449,Jockster,Vivo Keyd,BR,doubt yourself,Diamond V
450,Jockster,Vivo Keyd,BR,ur moves r weak,Diamond I
451,Jockster,Vivo Keyd,KR,hot6 addict,Platinum III
452,Joey,,EUW,TL Biodaddy,Platinum II
453,joker,Team BattleComics,KR,BtC joker,Master [41 LP]
454,Justice,Jin Air Green Wings,KR,마 좀 칠 줄 아나,Master [0 LP]
455,Juzinho,Keyd Stars,BR,kyujzho,Master [302 LP]
456,Juzinho,Keyd Stars,BR,yaneruzuy,Master [270 LP]
457,Juzinho,Keyd Stars,BR,kT Juzin,Platinum I
458,K,MAD Team,KR,Hi I am K,Diamond I
459,K,MAD Team,KR,084K,Diamond I
460,k1ng,Dire Wolves,EUW,Ryan Short,Platinum II
461,k1ng,Dire Wolves,KR,qwedzsfvdsfgas,Master [13 LP]
462,Kaiwing,Hong Kong Attitude,KR,last day 1,Unranked
463,KaKAO,Jin Air Green Wings,EUW,ıaöçcı,Platinum III
464,KaKAO,Jin Air Green Wings,KR,ABCD12F3,Master [109 LP]
465,Kami,paiN Gaming,BR,paiN KamiKat,Master [72 LP]
466,Kami,paiN Gaming,BR,Kami,Diamond III
467,Kami,paiN Gaming,BR,The Phantom,Unranked
468,Kami,paiN Gaming,BR,Guerreiro da Fé,Diamond II
469,Karsa,Royal Never Give Up,KR,Kiana KasIana,Challenger [466 LP]
470,Karsa,Royal Never Give Up,KR,KianaTime,Diamond V
471,kaSing,Splyce,EUW,SPY kaSing,Challenger [353 LP]
472,Keane,FlyQuest,KR,Keanely,Diamond III
473,Keane,FlyQuest,KR,CounterPlay,Unranked
474,Keane,FlyQuest,NA,gazuaaaaaaaaaaa,Diamond I
475,Keane,FlyQuest,NA,boI4,Diamond IV
476,Keane,FlyQuest,NA,enaek,Platinum II
477,Keane,FlyQuest,NA,urgothunter,Gold IV
478,KEITH,Cloud9,KR,릭 폭스,Unranked
479,KEITH,Cloud9,KR,keithmcbrief,Unranked
480,KEITH,Cloud9,NA,baconbro7,Platinum I
481,KEITH,Cloud9,NA,donutdude3,Unranked
482,KEITH,Cloud9,NA,ST1NKFACE,Challenger [652 LP]
483,KEITH,Cloud9,KR,GODFRAGAS LFT,Platinum II
484,Key,Hanwha Life Esports,KR,HLE KeY,Challenger [545 LP]
485,Key,Hanwha Life Esports,KR,HLE 키,Diamond I
486,Khan,King-Zone Dragonx,KR,KZ Khan,Challenger [792 LP]
487,Khan,King-Zone Dragonx,KR,Griffin Sword,Unranked
488,Khan,King-Zone Dragonx,EUW,insane top,Platinum III
489,Kiin,Afreeca Freecs,KR,빅파이초코파이,Unranked
490,Kiin,Afreeca Freecs,KR,오뚜기3분미트볼,Challenger [449 LP]
491,Kiin,Afreeca Freecs,KR,아정글맘에안드네,Diamond III
492,Kikis,Team Vitality,EUW,Kikis,Diamond I
493,Kikis,Team Vitality,KR,신발이없는 해적,Diamond II
494,Kingen,KT Rolster,KR,추운봉박,Challenger [535 LP]
495,Kingen,KT Rolster,KR,KT Kingen,Master [7 LP]
496,Kira,Gambit Esports,EUW,Herrlock Ethu,Diamond I
497,Kira,Gambit Esports,EUW,Shadow Sorcerer,Master [170 LP]
498,Kira,Gambit Esports,KR,Overgeared,Diamond V
499,Kirei,Millenium,EUW,Kirei sama,"Challenger [1,061 LP]"
500,Kitty,,EUW,KittyMeMer,Diamond I
501,Koala,G-Rex,KR,sdasdgklui,Diamond I
502,Koala,G-Rex,KR,sdasdgklui,Diamond I
503,Kobbe,Splyce,EUW,Kobbe,Challenger [385 LP]
504,Kobbe,Splyce,EUW,McD CoWorker,Unranked
505,Kold,Unicorns Of Love,EUW,UOL Kold,Master [275 LP]
506,Kongyue,MAD Team,KR,MAD PiPi,Diamond I
507,Kongyue,MAD Team,KR,MAD Kongyue,Diamond I
508,KonKwon,FlyQuest,NA,Boyfriend,Diamond I
509,KonKwon,FlyQuest,NA,DufTlalgkqtlek,Diamond I
510,KonKwon,FlyQuest,NA,i need smth fake,Unranked
511,Koro1,,KR,슈퍼더블,Unranked
512,Kramer,Afreeca Freecs,KR,Afreeca Kramer,Challenger [701 LP]
513,Kramer,Afreeca Freecs,KR,Kor amer,Master [129 LP]
514,Krastyel,T Show,BR,Krasty,Diamond V
515,Krastyel,T Show,BR,KrastyeI,Challenger [531 LP]
516,Krastyel,T Show,BR,Barca de Açai,Diamond I
517,Kuro,Afreeca Freecs,KR,Afreeca Kuro,Master [151 LP]
518,Kuro,Afreeca Freecs,NA,LeeBaekho,Unranked
519,Kuzan,Hanwha Life Esports,KR,HLE Kuzan,Master [360 LP]
520,Kuzan,Hanwha Life Esports,KR,성혁님미드가신다,Diamond I
521,KZ,KaBuM! e-Sports,EUW,KZ XDD,Platinum III
522,Lamabear,,EUW,Llamabear,Diamond III
523,LaoZhou,Team World Elite,KR,DYTV 5685527,Diamond IV
524,Lava,Hanwha Life Esports,KR,HLE Lava,Challenger [498 LP]
525,Lava,Hanwha Life Esports,KR,오늘 유난히,Platinum II
526,Lehends,Griffin,KR,Lehends,Challenger [557 LP]
527,LemonNation,,NA,Daerek,Platinum III
528,LemonNation,,NA,Emon,Diamond II
529,Leo,SK Telecom T1,KR,H싸우자,Master [188 LP]
530,LEP,CNB e-Sports Club,BR,DANABODE,Gold I
531,LEP,CNB e-Sports Club,BR,you even trying,Master [181 LP]
532,Letme,Royal Never Give Up,KR,togo334,Diamond V
533,Levi,100 Thieves,KR,한국어 않음,Gold I
534,Levi,100 Thieves,NA,L 5 22 9,Diamond I
535,Levi,100 Thieves,KR,L 5 22 9,Diamond I
536,Liang,MAD Team,KR,wslaoem01,Diamond II
537,Licorice,Cloud9,KR,wcngc1801,Master [178 LP]
538,Life,Gen.G,KR,글 렌,Challenger [777 LP]
539,Life,Gen.G,KR,글 렌,Challenger [777 LP]
540,Lindarang,Hanwha Life Esports,KR,HLE Lindarang,Master [66 LP]
541,Link,,NA,Link,Diamond II
542,Link,,NA,rtz 1,Unranked
543,Linsanity,,NA,Linsaníty,Diamond I
544,LirA,Clutch Gaming,KR,rockets,Platinum III
545,LirA,Clutch Gaming,KR,지렁꿈틀꿈틀꿈틀,Platinum II
546,Lloyd,Ascension Gaming,EUW,Phggy,Platinum III
547,Lloyd,Ascension Gaming,KR,Phggy,Diamond I
548,LOD,,NA,Bênjî,Master [143 LP]
549,LOD,,NA,BULLY HUNTER97,Diamond III
550,LOD,,NA,LOD,Platinum II
551,Lodik,Gambit Esports,EUW,X9 ME ASAP,Diamond I
552,Lodik,Gambit Esports,KR,Good adc cosplay,Diamond V
553,Loken,JD Gaming,KR,NekoL,Challenger [597 LP]
554,Loop,paiN Gaming,BR,Loop,Challenger [968 LP]
555,Loop,paiN Gaming,BR,564eausthsr,Unranked
556,Looper,,KR,왕석형,Unranked
557,Looper,,KR,공나군,Unranked
558,Looper,,NA,hyungseokking,Unranked
559,loulex,,EUW,Eric Dubay,Diamond II
560,loulex,,KR,C9 dog,Unranked
561,Lourlo,Golden Guardians,KR,lullullullullul,Unranked
562,Lourlo,Golden Guardians,NA,wow nice meta,Platinum I
563,Lourlo,Golden Guardians,NA,Lourlo,Diamond I
564,Lourlo,Golden Guardians,NA,a little opus,Diamond V
565,Lourlo,Golden Guardians,NA,top plzz,Unranked
566,Lourlo,Golden Guardians,NA,Liquid Ezra,Unranked
567,Lucy,,KR,넌 평생 외로워,Unranked
568,Luger,Beşiktaş e-Sports Club,EUW,Lugerr,Master [264 LP]
569,LUSKKA,ProGaming e-Sports,BR,LUSKKÃO1,Platinum I
570,LUSKKA,ProGaming e-Sports,BR,Mano Wálter,Challenger [506 LP]
571,M1ssion,Hong Kong Attitude,KR,m15510n,Unranked
572,Madlife,,KR,뽀송뽀송개뽀송,Diamond I
573,MaHa,MVP,KR,하마Da,Master [182 LP]
574,MaHa,MVP,KR,MVP MaHa,Master [218 LP]
575,Malrang,Winners,KR,Malrang,Unranked
576,Malrang,Winners,EUW,RBE Malrang,Platinum III
577,Malrang,Winners,KR,Co24,Challenger [435 LP]
578,Manu,Rainbow7,EUW,Be water my fren,Platinum III
579,Maple,Flash Wolves,KR,FW Maple,Challenger [568 LP]
580,Maple,Flash Wolves,EUW,AlphaGo 003,Platinum III
581,Maple,Flash Wolves,KR,AlphaGo 002,Diamond I
582,MaRin,Topsports Gaming,KR,커피물조절장인,Master [177 LP]
583,MaRin,Topsports Gaming,KR,MaRin,Diamond II
584,MaRin,Topsports Gaming,KR,42192371del,Unranked
585,MarS,Hong Kong Attitude,KR,마술사 JeffeRy,Diamond II
586,Mash,,NA,GGGGG2,Unranked
587,Mash,,NA,DontMashMe,Unranked
588,Mash,,NA,Kobe Brýant,Diamond V
589,Mash,,NA,GENTLE MONSTER,Unranked
590,Mash,,NA,Wo Ai Yin Dao,Unranked
591,Mata,KT Rolster,KR,KT MATA,Challenger [633 LP]
592,Mata,KT Rolster,KR,시어니보고싶움,Unranked
593,Mata,KT Rolster,KR,MataMataMata,Unranked
594,Mata,KT Rolster,KR,조봉박,Master [24 LP]
595,Mata,KT Rolster,KR,lookatmy,Challenger [689 LP]
596,Matsukaze,paiN Gaming,BR,high noon,Challenger [580 LP]
597,Matsukaze,paiN Gaming,BR,Squee,Unranked
598,Matsukaze,paiN Gaming,BR,SunfIower,Unranked
599,Matt,Golden Guardians,NA,GGS Matt,Challenger [358 LP]
600,Max,MVP,KR,MVP Max,Diamond I
601,Maxlore,Misfits,EUW,Mobster Murphy,Master [97 LP]
602,Maxlore,Misfits,EUW,Maxlore,Diamond II
603,Maxlore,Misfits,EUW,Black Pot Noodl3,Unranked
604,Maxlore,Misfits,KR,TrackingTheNoobs,Unranked
605,Meiko,EDward Gaming,KR,K1rito,Unranked
606,Meiko,EDward Gaming,KR,젠득의블링크,Challenger [789 LP]
607,Meiko,EDward Gaming,KR,블핑대박나세요,Platinum I
608,Meliodas,Phong Vũ Buffalo,KR,Notmee,Diamond I
609,Memento,Team ROCCAT,EUW,ROC Mementoo,Diamond I
610,Memento,Team ROCCAT,EUW,A Memento,Diamond I
611,Metaphor,,NA,Shout,Diamond I
612,Meteos,FlyQuest,NA,Meteos,Diamond I
613,Meteos,FlyQuest,NA,5 Star Rating,Diamond III
614,Meteos,FlyQuest,NA,Short Dog,Master [71 LP]
615,Mia,KT Rolster,KR,KT Mia,Challenger [442 LP]
616,micaO,Vivo Keyd,BR,shhh be quiet,Unranked
617,micaO,Vivo Keyd,BR,INTZ micaO,Unranked
618,micaO,Vivo Keyd,BR,disarray,Gold II
619,micaO,Vivo Keyd,BR,King in YeIIow,Diamond I
620,micaO,Vivo Keyd,KR,rkid,Platinum II
621,Mickey,Golden Guardians,KR,미 키,Challenger [387 LP]
622,Mickey,Golden Guardians,KR,영민이가젤귀여워,Unranked
623,Mickey,Golden Guardians,NA,Mid braum only,Diamond V
624,Mickey,Golden Guardians,NA,Liquid Mickey,Platinum IV
625,Mightybear,Hanwha Life Esports,KR,ROX Mightybear,Platinum V
626,Mightybear,Hanwha Life Esports,EUW,VIT Mightybear,Unranked
627,Mightybear,Hanwha Life Esports,KR,HLE Mightybear,Master [277 LP]
628,MikeYeung,Team SoloMid,NA,MikeYeung,Diamond V
629,MikeYeung,Team SoloMid,NA,LHHS,Diamond II
630,MikeYeung,Team SoloMid,NA,MikeYeunglol,Diamond III
631,MikeYeung,Team SoloMid,EUW,P1 ForeverYeung,Unranked
632,Mikyx,Misfits,EUW,Perma Elohelled,Challenger [823 LP]
633,Mikyx,Misfits,EUW,VegetableMuncher,Unranked
634,Mikyx,Misfits,KR,MSF Kacchan,Platinum II
635,Minerva,CNB e-Sports Club,BR,Minerva,"Challenger [1,025 LP]"
636,Minerva,CNB e-Sports Club,BR,raising hope,Diamond V
637,ming,Royal Never Give Up,KR,yhxgwxbc,Unranked
638,ming,Royal Never Give Up,KR,하나의 풍경,Master [118 LP]
639,ming,Royal Never Give Up,KR,ohhaohha,Diamond III
640,Minitroupax,,EUW,VIT Attila,Challenger [409 LP]
641,mithy,Team SoloMid,BR,JOGABONlTO,Unranked
642,mithy,Team SoloMid,EUW,IlllIIlIIlllI,Unranked
643,mithy,Team SoloMid,EUW,mithy,Gold I
644,mithy,Team SoloMid,EUW,mithypote,Unranked
645,mithy,Team SoloMid,KR,G2supportKing,Unranked
646,Mlxg,Royal Never Give Up,KR,ninatounicarry,Unranked
647,Mlxg,Royal Never Give Up,KR,천천히올라갑시다,Diamond I
648,Mlxg,Royal Never Give Up,KR,lpwafdw02,Unranked
649,MMD,Flash Wolves,KR,Houjou Karen,Master [260 LP]
650,MMD,Flash Wolves,KR,GuluLingpo,Challenger [445 LP]
651,Moojin,Flash Wolves,KR,FW MooJin,Master [126 LP]
652,Moojin,Flash Wolves,EUW,AlphaGo 004,Platinum III
653,Moojin,Flash Wolves,KR,FW MooJin2,Diamond I
654,Moon,Clutch Gaming,NA,holgate,Unranked
655,Moon,Clutch Gaming,NA,WvvwWwvWwvvwvWww,Unranked
656,Moon,Clutch Gaming,NA,m22n,Diamond III
657,Morning,Flash Wolves,KR,20001012,Master [99 LP]
658,Mountain,AHQ e-Sports Club,KR,Eason sss,Diamond I
659,Mouse,,KR,벙어리 가 되 다,Unranked
660,Mouse,,KR,원앙밀크티,Unranked
661,Move,1907 Fenerbahce,KR,LoLmove,Diamond I
662,Mowgli,Afreeca Freecs,KR,Afreeca M0wgli,Master [188 LP]
663,MrRalleZ,Team SoloMid,EUW,SkinnyFatGazelle,Unranked
664,MrRalleZ,Team SoloMid,EUW,Dana 60 gs babay,Unranked
665,MrRalleZ,Team SoloMid,KR,FNATIC rallez,Unranked
666,MrRalleZ,Team SoloMid,KR,ottm24,Unranked
667,Mylon,paiN Gaming,BR,paiN Mailin,Unranked
668,Mylon,paiN Gaming,BR,dogla la dogla,Diamond III
669,Mylon,paiN Gaming,BR,rtbf18290219,Unranked
670,Mystic,Team World Elite,KR,히순이,Platinum V
671,Nagne,,KR,너구리가그린기린,Master [258 LP]
672,Nagne,,EUW,GoldenBellPC,Unranked
673,Nappon,RED Canids,BR,aiéu,Diamond II
674,Nappon,RED Canids,BR,PRAlSE THE SUN,Diamond I
675,Nappon,RED Canids,BR,Thirsty Man,Unranked
676,Nate,Kaos Latin Gamers,EUW,CheViejaAltoLag,Platinum V
677,Nate,Kaos Latin Gamers,KR,Coscu Army,Diamond II
678,Neon,Millenium,EUW,kotvos112,Challenger [777 LP]
679,Nevan,GigaByte Marines,KR,TungPro11a1,Platinum I
680,Nientonsoh,,NA,PMA Enthusiast,Unranked
681,NikSar,Ascension Gaming,KR,1 7 0 3 rrrrr,Diamond I
682,Ning,Invictus Gaming,KR,nait9,Diamond II
683,Ning,Invictus Gaming,KR,516781,Diamond V
684,Ninja,,KR,SARUO,Diamond I
685,Nisqy,Splyce,EUW,SPY Nisqy,Challenger [497 LP]
686,Nisqy,Splyce,NA,NV Nisqy,Unranked
687,Nji,,EUW,Le clodo,Master [95 LP]
688,NL,,KR,즐기다즐기다,Diamond II
689,Nomanz,M19,EUW,Nomanz,Diamond II
690,Norskeren,Team ROCCAT,EUW,norskeren,Master [70 LP]
691,NoWay,GigaByte Marines,KR,phi pham,Diamond III
692,Nuclear,DAMWON Gaming,KR,s2zl존법사s2,Challenger [430 LP]
693,Nuclear,DAMWON Gaming,KR,DWG Nuclear,Master [161 LP]
694,Nuclear,DAMWON Gaming,EUW,MalrangCow,Gold I
695,Nuguri,DAMWON Gaming,KR,DWG Nuguri,Challenger [561 LP]
696,Nukeduck,FC Schalke 04,EUW,V nukeduck,Unranked
697,Nukeduck,FC Schalke 04,EUW,s04 Nukeduck1,Diamond IV
698,Nukeduck,FC Schalke 04,EUW,llIIIIlllIIllII3,Unranked
699,Oddie,Rainbow7,EUW,OddieLAN,Platinum IV
700,Odoamne,Splyce,EUW,Odoamne,Diamond I
701,Odoamne,Splyce,EUW,SPY Odoamne,Master [101 LP]
702,Olleh,Team Liquid,NA,Padaria Cremosa,Unranked
703,Olleh,Team Liquid,NA,Humble Diligent,Master [223 LP]
704,Olleh,Team Liquid,KR,FeelsLovelyMan,Unranked
705,Olleh,Team Liquid,EUW,I love Hardship,Platinum II
706,Olleh,Team Liquid,KR,Me Korean,Diamond III
707,OmarGod,Counter Logic Gaming,NA,rtbf21944884,Platinum III
708,Once,PENTAGRAM,KR,사람한사람,Master [28 LP]
709,OnFleek,Team BattleComics,KR,BtC OnFleek,Challenger [506 LP]
710,OnFleek,Team BattleComics,KR,JUGKlNG,"Challenger [1,205 LP]"
711,Optimus,GigaByte Marines,KR,ASD1231212,Unranked
712,Palette,Phong Vũ Buffalo,KR,natureHalo,Diamond I
713,Panky,Team AURORA,EUW,panky smurfêr,Diamond IV
714,Part,,KR,TOPKING zz,Master [4 LP]
715,PawN,KT Rolster,KR,8313719del,Unranked
716,PawN,KT Rolster,KR,똥좀싸겟다,Gold I
717,PawN,KT Rolster,KR,cCPpsSNn,Unranked
718,Paz,PENTAGRAM,EUW,BBQ Krazy,Platinum V
719,Peanut,King-Zone Dragonx,KR,4938850_DEL,Unranked
720,Peanut,King-Zone Dragonx,KR,KZ Peanut,Challenger [606 LP]
721,Peanut,King-Zone Dragonx,KR,언차티D,Unranked
722,Peanut,King-Zone Dragonx,KR,Hari2y Quinn,Unranked
723,Peanut,King-Zone Dragonx,KR,Jon Sn0w,Unranked
724,Peanut,King-Zone Dragonx,NA,Wang Ho,Unranked
725,Peanut,King-Zone Dragonx,BR,Ver você de novo,Unranked
726,Peanut,King-Zone Dragonx,EUW,Wang Ho Hann,Platinum III
727,PerkZ,G2 Esports,EUW,G2 Perkz1,Gold I
728,PerkZ,G2 Esports,BR,picksomeAPpls,Unranked
729,PerkZ,G2 Esports,EUW,PetterFreyschuss,Unranked
730,PerkZ,G2 Esports,EUW,I hate Ranked,Unranked
731,PerkZ,G2 Esports,KR,kimchiWarrior1,Unranked
732,PerkZ,G2 Esports,EUW,sweetnsalty,Diamond IV
733,PerkZ,G2 Esports,KR,G2 퍽즈,Platinum II
734,PerkZ,G2 Esports,KR,otwoeur52,Master [72 LP]
735,Phantiks,,KR,123ok,Unranked
736,Phaxi,,EUW,GO Phaxi,Challenger [445 LP]
737,Phaxi,,EUW,teLN th cook,Unranked
738,Phones,,EUW,riddemphones,Challenger [443 LP]
739,Phones,,EUW,Tschau,Diamond I
740,Phones,,EUW,Phones,Diamond I
741,Piglet,Clutch Gaming,KR,Creative Self,Diamond II
742,Piglet,Clutch Gaming,NA,wlswlgkrprkwmdk,Diamond III
743,Piglet,Clutch Gaming,NA,FortheFirsttime,Unranked
744,Piglet,Clutch Gaming,NA,GodPiglet,Unranked
745,Pilot,MVP,KR,SmartPilot,Platinum I
746,Pirean,SK Telecom T1,NA,Nv Pirean,Unranked
747,Pirean,SK Telecom T1,NA,thxforthewin,Unranked
748,Pirean,SK Telecom T1,KR,SKT T1 Pirean,Challenger [422 LP]
749,Pirean,SK Telecom T1,KR,Pireannn,Challenger [908 LP]
750,PK,G-Rex,KR,해산물shangdan,Master [256 LP]
751,Plugo,Kaos Latin Gamers,EUW,DoingItSideways,Platinum IV
752,Plugo,Kaos Latin Gamers,KR,Hardstuck D3,Diamond II
753,Pobelter,Team Liquid,NA,Pobelter,Challenger [753 LP]
754,Pobelter,Team Liquid,NA,llIlIIlllIl,Unranked
755,Pobelter,Team Liquid,NA,Vafþrúðnir,Unranked
756,Pobelter,Team Liquid,NA,Hero Kenzan,Unranked
757,Pobelter,Team Liquid,EUW,TL Pøbelter,Platinum II
758,Pobelter,Team Liquid,KR,TL POB,Diamond I
759,PowerOfEvil,OpTic Gaming,EUW,OPT PowerOfEvil,Platinum I
760,PowerOfEvil,OpTic Gaming,EUW,Diabolical PoE,Gold I
761,PowerOfEvil,OpTic Gaming,EUW,ThePowerOfDevil,Unranked
762,PowerOfEvil,OpTic Gaming,KR,내셔의 이빨 mid,Unranked
763,PraY,King-Zone Dragonx,KR,KZ PraY,Unranked
764,PraY,King-Zone Dragonx,KR,22630673del,Unranked
765,PraY,King-Zone Dragonx,KR,잘있어요구르트,Platinum V
766,PraY,King-Zone Dragonx,KR,내고추불고추,Unranked
767,PraY,King-Zone Dragonx,NA,PraY 8D,Unranked
768,PraY,King-Zone Dragonx,KR,이길수없어,Unranked
769,PraY,King-Zone Dragonx,KR,콴시물불,Challenger [542 LP]
770,Pretty,,EUW,VforVacation,Challenger [402 LP]
771,Pride,,EUW,IlIlIlIIllIlIIl,Unranked
772,Pride,,EUW,hpVnqDtr,Unranked
773,Pride,,EUW,IlIllIlIIIlI,Unranked
774,Pride,,EUW,RSnh1RBcaP,Unranked
775,Pride,,EUW,Tommy2Tap,Master [290 LP]
776,Professor,ProGaming e-Sports,BR,dazzling smile,Challenger [854 LP]
777,Professor,ProGaming e-Sports,BR,Tsumi no Namae,Unranked
778,Profit,Team ROCCAT,KR,Profitttttt,Platinum IV
779,Profit,Team ROCCAT,KR,그러는 그대는,Diamond III
780,Profit,Team ROCCAT,EUW,Gewinn,Diamond II
781,Profit,Team ROCCAT,EUW,Fall in L,Diamond II
782,promisq,H2k-Gaming,EUW,eddie vedderr,Challenger [388 LP]
783,PvPStejos,Gambit Esports,EUW,WhiteDesertSun,Master [121 LP]
784,PvPStejos,Gambit Esports,KR,1w2s3i4t,Diamond III
785,Rain,Team AURORA,EUW,Cant win game,Diamond I
786,Raise,G-Rex,KR,G REX 레이즈,Diamond I
787,Raise,G-Rex,KR,G REX 레이즈,Diamond I
788,Ramune,PENTAGRAM,KR,라무넷다,Unranked
789,Ramune,PENTAGRAM,EUW,Lurdinha,Gold I
790,Ranger,KaBuM! e-Sports,BR,Ranger Falconer,Diamond I
791,Ranger,KaBuM! e-Sports,BR,Ranger1,Unranked
792,Ranger,KaBuM! e-Sports,EUW,feIp22,Platinum V
793,Ranger,KaBuM! e-Sports,KR,felp22,Diamond I
794,Rascal,King-Zone Dragonx,KR,GoodbyeGoodnight,Challenger [572 LP]
795,Rascal,King-Zone Dragonx,EUW,Hirai92,Platinum II
796,Rather,Griffin,KR,Be proud of me,Master [172 LP]
797,Ray,EDward Gaming,NA,C9 Ray,Unranked
798,Ray,EDward Gaming,NA,C9 Sword,Unranked
799,Ray,EDward Gaming,EUW,Grandpact,Unranked
800,Ray,EDward Gaming,KR,California Life,Master [339 LP]
801,Ray,EDward Gaming,KR,Player7,Diamond I
802,RedBert,Team oNe eSports,BR,RedB NGDA,Challenger [576 LP]
803,RedBert,Team oNe eSports,BR,RedBert,Challenger [512 LP]
804,Reignover,Counter Logic Gaming,KR,곧회수될계정,Unranked
805,Reignover,Counter Logic Gaming,NA,Junglehuni,Unranked
806,Reignover,Counter Logic Gaming,NA,4-Jul,Diamond II
807,Reignover,Counter Logic Gaming,NA,Laners Dog,Unranked
808,Rekkles,Fnatic,EUW,Rekkles,Challenger [339 LP]
809,Rekkles,Fnatic,EUW,HHAZMEMF,Unranked
810,Rekkles,Fnatic,EUW,IlIIlIIIlIIlI,Unranked
811,Rekkles,Fnatic,EUW,AHgLNY7TBu,Unranked
812,Rekkles,Fnatic,KR,FNC 레클레스,Platinum III
813,Rekkles,Fnatic,KR,FNC 레클레스,Platinum III
814,Rekkles,Fnatic,KR,fpzmffptm,Diamond I
815,Remilia,,NA,Nymphish,Platinum IV
816,Revanche,HWA Gaming,EUW,HWA Mâx,Diamond II
817,Revolta,Vivo Keyd,BR,Akaziel,Diamond I
818,Revolta,Vivo Keyd,BR,RevoIta,Unranked
819,Revolta,Vivo Keyd,KR,watch watch,Platinum II
820,Rich,Ascension Gaming,EUW,Scaggy,Platinum III
821,Rich,Ascension Gaming,KR,FighterXD,Diamond I
822,Rikara,100 Thieves,KR,나왜이케못하지,Diamond I
823,Rippii,Dire Wolves,KR,Rippii,Diamond III
824,Riris,Winners,KR,riris2,Challenger [695 LP]
825,Riris,Winners,KR,riris1,Challenger [785 LP]
826,Riyev,KaBuM! e-Sports,EUW,Cabelinho na voz,Platinum V
827,Riyev,KaBuM! e-Sports,KR,marimbondo,Master [50 LP]
828,Roach,Kongdoo Monster,KR,KDM Roach,Challenger [524 LP]
829,Road,I May,KR,마지막일지도몰라,Diamond I
830,Robo,RED Canids,BR,CNB Robo1,Challenger [585 LP]
831,Rock,MAD Team,KR,MAD아인슈타인,Master [29 LP]
832,Rockky,Ascension Gaming,EUW,Rocklnwjingjung1,Platinum V
833,Rockky,Ascension Gaming,KR,rockTOProckOnly,Diamond II
834,Rogu,Team AURORA,EUW,rogu361,Diamond IV
835,RonOP,EVOS Esports,EUW,sihbaaaaaaaaaaa,Platinum II
836,Rookie,Invictus Gaming,KR,iG roooookie,Unranked
837,Rookie,Invictus Gaming,KR,마마돈워리,Master [262 LP]
838,Rookie,Invictus Gaming,KR,누우운사람,Challenger [896 LP]
839,Rookie,Invictus Gaming,KR,wpldklg04,Diamond V
840,Ruby,Afreeca Freecs,KR,Afreeca Ruby,Master [42 LP]
841,Ruler,Gen.G,KR,케빈추 Ruler,Unranked
842,Ruler,Gen.G,NA,corejjoppa,Unranked
843,Ruler,Gen.G,KR,잘해야해,Master [104 LP]
844,Ruler,Gen.G,KR,Gen G 코어장전,Platinum III
845,Ruler,Gen.G,KR,Gen G Ruler,Challenger [608 LP]
846,Ruler,Gen.G,KR,잘해야해,Master [104 LP]
847,Rush,KT Rolster,KR,2915598del,Diamond II
848,Rush,KT Rolster,KR,2060375del,Unranked
849,Rush,KT Rolster,KR,pvman,Master [118 LP]
850,Rush,KT Rolster,KR,RushRush,Diamond I
851,Rush,KT Rolster,KR,9081041del,Diamond I
852,Rush,KT Rolster,KR,IWDominate,Diamond III
853,Ryu,100 Thieves,KR,FeelsG00DMan,Unranked
854,Ryu,100 Thieves,NA,ChiNa N0 1,Unranked
855,Ryu,100 Thieves,NA,Captain of NA,Unranked
856,Ryu,100 Thieves,EUW,abcd12345678,Unranked
857,Ryu,100 Thieves,EUW,lIIIllIIllllI,Unranked
858,Ryu,100 Thieves,KR,XDXDXDXDXD,Platinum I
859,SacyR,RED Canids,BR,CALVO KLEIN,Challenger [507 LP]
860,SacyR,RED Canids,BR,VÔ DE FERIAS,Diamond II
861,Samux,Unicorns Of Love,EUW,xumäS,Diamond I
862,Samux,Unicorns Of Love,KR,Im a Good B0y,Unranked
863,Sangyoon,Hanwha Life Esports,KR,HLE Sangyoon,Challenger [655 LP]
864,Sangyoon,Hanwha Life Esports,KR,HLE Sy,Diamond I
865,Satorius,Millenium,EUW,Sâtorius,Challenger [569 LP]
866,Score,KT Rolster,KR,좋은날,Master [349 LP]
867,Score,KT Rolster,KR,고봉박,Master [194 LP]
868,Scout,EDward Gaming,KR,14-Mar,Unranked
869,Scout,EDward Gaming,KR,마산가자,Master [304 LP]
870,Seiya,Rainbow7,EUW,LA1N,Platinum V
871,Sencux,Misfits,EUW,Jävla Skitttt,Challenger [353 LP]
872,Sencux,Misfits,EUW,Serritzlew,Unranked
873,Sencux,Misfits,KR,MSF Laursen,Platinum II
874,Send0o,,EUW,xL Send0o,Master [288 LP]
875,Send0o,,EUW,jugador asustado,Master [83 LP]
876,SeongHwan,Hanwha Life Esports,KR,8325317del,Unranked
877,SeongHwan,Hanwha Life Esports,KR,HLE SeongHwan,Master [208 LP]
878,SeongHwan,Hanwha Life Esports,KR,GUDAEGl,Unranked
879,Seraph,,KR,도넛주세요,Unranked
880,Seraph,,NA,EnVy kina,Unranked
881,Seraph,,NA,kina,Unranked
882,Shady,Team SoloMid,NA,Śhady,Diamond I
883,Sheriff,H2k-Gaming,EUW,Mindless Donkey,Master [307 LP]
884,Shernfire,Dire Wolves,EUW,0sanspareil,Platinum II
885,Shernfire,Dire Wolves,KR,shern,Master [84 LP]
886,ShiauC,Flash Wolves,KR,ShiaC,Master [293 LP]
887,Shook,H2k-Gaming,EUW,lanephasing,Unranked
888,Shook,H2k-Gaming,EUW,PeacefuI Mind,Diamond V
889,Shook,H2k-Gaming,EUW,3pop pcbang,Unranked
890,Shrimp,,KR,She is limp,Platinum II
891,Shrimp,,NA,Jax is good here,Gold I
892,Shrimp,,NA,She Limp,Platinum III
893,Shy,,KR,고랭지농업종사자,Gold I
894,Shy,,KR,19090892del,Unranked
895,Shy,,KR,1532877del,Unranked
896,Shy,,KR,일산칠흑양날도끼,Diamond III
897,Sky,,KR,하늘킹,Platinum I
898,Slay,EVOS Esports,EUW,ISM da boon,Platinum II
899,Slooshi,,NA,Slooshi1,Unranked
900,Slooshi,,NA,tmffntnl,Unranked
901,Slow,Kaos Latin Gamers,EUW,eh vieja,Platinum IV
902,Slow,Kaos Latin Gamers,KR,fan de mata,Diamond II
903,Smeb,KT Rolster,KR,qqeeww23,Unranked
904,Smeb,KT Rolster,NA,Kyung Ho,Unranked
905,Smeb,KT Rolster,KR,smeb00,Platinum II
906,Smeb,KT Rolster,KR,춘봉박,Master [227 LP]
907,Smeb,KT Rolster,KR,춘봉박,Master [227 LP]
908,Smlz,Rogue Warriors,KR,RW SM1Z,Master [25 LP]
909,Smoothie,Cloud9,NA,Smoothie,Challenger [423 LP]
910,Smoothie,Cloud9,NA,smoothiexx,Unranked
911,Smoothie,Cloud9,NA,C9 Smoothie123,Unranked
912,Smoothie,Cloud9,KR,C9 Smoothers,Unranked
913,Smoothie,Cloud9,KR,C9 Smooth1e,Platinum II
914,Sneaky,Cloud9,NA,C9 Sneaky,Challenger [452 LP]
915,Sneaky,Cloud9,NA,bleede,Unranked
916,Sneaky,Cloud9,NA,C9 Gun,Diamond I
917,Sneaky,Cloud9,KR,C9 Sneak,Unranked
918,Sneaky,Cloud9,KR,C9 Snakey,Diamond I
919,SnowFlower,SuperMassive eSports,KR,3312564_DEL,Unranked
920,SnowFlower,SuperMassive eSports,KR,눈꽃아닙니다,Unranked
921,SnowFlower,SuperMassive eSports,EUW,SUP SnowFIower,Diamond I
922,SnowFlower,SuperMassive eSports,KR,JAG SnowFlower,Diamond I
923,SoaR,Team BattleComics,KR,BtC SoaR,Challenger [416 LP]
924,sOAZ,Fnatic,EUW,FNC sOAZIZ,Diamond I
925,sOAZ,Fnatic,KR,iGiveYouMonkey,Diamond I
926,SofM,Snake Esports,KR,SSSnake JG,Platinum II
927,SoHwan,Jin Air Green Wings,KR,Jln Alr SoHwan,"Challenger [1,005 LP]"
928,SoHwan,Jin Air Green Wings,KR,마지막처럼S,Platinum IV
929,Solo,Clutch Gaming,NA,CG Solo,Diamond I
930,Spirit,Afreeca Freecs,KR,Afreeca Spirit,Challenger [553 LP]
931,Spirit,Afreeca Freecs,KR,꿀피릿,Unranked
932,Spirit,Afreeca Freecs,EUW,FNC Sp1rit,Unranked
933,SSol,Kongdoo Monster,KR,KDM SSol,Diamond I
934,Ssumday,100 Thieves,KR,썸썸데이,Diamond II
935,Ssumday,100 Thieves,KR,Sorry,Unranked
936,Ssumday,100 Thieves,NA,Ssumdayday,Master [57 LP]
937,Ssun,,KR,321niaR,Diamond III
938,Stark,EVOS Esports,EUW,Armor Men,Platinum II
939,Steal,DetonatioN FocusMe,KR,laets,Diamond I
940,Steeelback,Giants Gaming,EUW,SteeelbAK47,Diamond I
941,Stitch,G-Rex,KR,이승주,Unranked
942,Stitch,G-Rex,KR,살기좋은나라대만,Platinum IV
943,Stitch,G-Rex,KR,GRX Stitch,Master [309 LP]
944,Stixxay,Counter Logic Gaming,NA,017cnFI3a1,Unranked
945,Stixxay,Counter Logic Gaming,NA,1.92092E+11,Gold I
946,Stixxay,Counter Logic Gaming,NA,Stixxay,Diamond II
947,Stomaged,SuperMassive eSports,EUW,361ufo,Master [13 LP]
948,Stomaged,SuperMassive eSports,KR,요정도면이득,Diamond III
949,Stunt,,NA,5tunt,Challenger [760 LP]
950,Stunt,,NA,stuntopolis,Challenger [799 LP]
951,Stunt,,NA,teamatesrfriends,Platinum II
952,Stunt,,NA,rpz,Diamond III
953,Stunt,,KR,534N,Unranked
954,Summit,Afreeca Freecs,KR,aceerfa,Challenger [470 LP]
955,Svenskeren,Cloud9,KR,NA JG 1,Unranked
956,Svenskeren,Cloud9,BR,NA 1,Unranked
957,Svenskeren,Cloud9,NA,intrudr,Gold I
958,Svenskeren,Cloud9,NA,Band0,Challenger [835 LP]
959,Svenskeren,Cloud9,NA,tryname1,Unranked
960,Svenskeren,Cloud9,KR,사과톡톡톡톡톡,Unranked
961,Svenskeren,Cloud9,KR,C9 Sven,Diamond I
962,Swift,Vici Gaming,KR,수입뿌드,Master [312 LP]
963,Swifte,,NA,Swifte,Diamond IV
964,Swifte,,NA,S and Alix,Unranked
965,Swifte,,NA,Swifte2,Challenger [430 LP]
966,Swifte,,NA,etfiwS,Unranked
967,Swifte,,NA,06 12 98,Master [142 LP]
968,Sword,Griffin,KR,이도류,Challenger [500 LP]
969,SwordArt,Flash Wolves,KR,FW SwordArT,Challenger [679 LP]
970,SwordArt,Flash Wolves,EUW,FW Schwertkunst,Platinum III
971,Sya,GigaByte Marines,KR,Show You Are,Diamond IV
972,takeshi,Keyd Stars,BR,golden merilo,Diamond III
973,takeshi,Keyd Stars,BR,takeshi,Diamond I
974,Targamas,Giants Gaming,EUW,Targamas,Challenger [615 LP]
975,Tarzan,Griffin,KR,댕 제,"Challenger [1,305 LP]"
976,Tarzan,Griffin,KR,츠코파이,"Challenger [1,168 LP]"
977,Tay,paiN Gaming,BR,tay OwO,Challenger [690 LP]
978,Tay,paiN Gaming,BR,Esdeath,Unranked
979,Tay,paiN Gaming,BR,YaphetS,Unranked
980,Teddy,Jin Air Green Wings,KR,TnTeddy,Platinum V
981,Teddy,Jin Air Green Wings,KR,진에어 테디,Diamond I
982,Teddy,Jin Air Green Wings,KR,생각좀할게요,Unranked
983,Tempt,bbq Olivers,KR,명구리버드,Challenger [905 LP]
984,Th3Antonio,Giants Gaming,EUW,VGIA Th3Antonio,Diamond I
985,Thal,SK Telecom T1,KR,SKT T1 ThaI,Challenger [474 LP]
986,Thaldrin,1907 Fenerbahce,EUW,FB Thaldrin,Diamond I
987,TheShy,Invictus Gaming,KR,iG TheShy,Diamond III
988,TheShy,Invictus Gaming,KR,The shy,Challenger [543 LP]
989,TheShy,Invictus Gaming,KR,ToTkr2,Challenger [490 LP]
990,Theusma,T Show,BR,I go home BTW,Diamond I
991,Theusma,T Show,BR,rtbf27630145,Unranked
992,Tierwulf,Kaos Latin Gamers,EUW,Wildcard Jungler,Platinum V
993,Tierwulf,Kaos Latin Gamers,KR,Tierwulf,Diamond III
994,TitaN,KaBuM! e-Sports,EUW,1.11222E+13,Platinum V
995,TitaN,KaBuM! e-Sports,KR,lashitmagic,Master [0 LP]
996,Tockers,Vivo Keyd,BR,aint my concern,Diamond IV
997,Tockers,Vivo Keyd,BR,yougodie,Gold I
998,Tockers,Vivo Keyd,BR,MeMyself4ndl,Master [0 LP]
999,Tockers,Vivo Keyd,KR,rexpeita o rato,Platinum II
1000,Totoro,Unicorns Of Love,KR,UOL Totoro,Diamond I
1001,Totoro,Unicorns Of Love,EUW,Euntoro,Diamond I
1002,TrAce,Gen.G,KR,GenG LlFE,Master [154 LP]
1003,Trashy,,NA,NME Trashyy,Unranked
1004,Trashy,,EUW,SPY Jungler,Unranked
1005,Trick,bbq Olivers,KR,MakeEuGreatAgain,Unranked
1006,Trick,bbq Olivers,BR,Muito prazer,Unranked
1007,Trick,bbq Olivers,EUW,NiceLife XD,Unranked
1008,Trick,bbq Olivers,EUW,Scaphism,Unranked
1009,Trick,bbq Olivers,EUW,ImNotYourBrother,Unranked
1010,Trick,bbq Olivers,KR,Pepper Japchae,Diamond I
1011,Triple,Dire Wolves,EUW,6789998212,Platinum II
1012,Triple,Dire Wolves,KR,GUNDAM WERRA,Master [228 LP]
1013,Turtle,INTZ e-Sports,BR,Tartaruga Véia,Master [145 LP]
1014,Turtle,INTZ e-Sports,BR,CNBrunch,Diamond III
1015,TusiN,Afreeca Freecs,KR,박투신,Challenger [650 LP]
1016,TusiN,Afreeca Freecs,KR,6882867del,Unranked
1017,TusiN,Afreeca Freecs,KR,12722323del,Platinum V
1018,Tussle,Rampage,KR,unsold stuff TSL,Diamond I
1019,U Jun,Kongdoo Monster,KR,유준나,Challenger [637 LP]
1020,Ucal,KT Rolster,KR,KT Ucal,Challenger [450 LP]
1021,UmTi,Jin Air Green Wings,KR,겜만할꺼양,Unranked
1022,UmTi,Jin Air Green Wings,KR,JAG UmTi,Challenger [393 LP]
1023,UmTi,Jin Air Green Wings,KR,슈계 RP주세요TnT,Unranked
1024,UmTi,Jin Air Green Wings,KR,See u AG,Master [325 LP]
1025,Uniboy,MAD Team,KR,HoHotDoG 02,Master [70 LP]
1026,Uniboy,MAD Team,KR,wslaoem04,Diamond I
1027,Unified,Hong Kong Attitude,KR,Number8 AD,Unranked
1028,Untara,SK Telecom T1,KR,5228315del,Unranked
1029,Untara,SK Telecom T1,KR,SKT T1 Untara,Diamond I
1030,Untara,SK Telecom T1,KR,SD건담캡슐파이,Challenger [437 LP]
1031,Untara,SK Telecom T1,KR,56850483del,Unranked
1032,Upset,FC Schalke 04,EUW,S04 Upset,Master [313 LP]
1033,Upset,FC Schalke 04,EUW,S04 Upset1,Diamond IV
1034,Uzi,Royal Never Give Up,KR,Uzzzi,Unranked
1035,Uzi,Royal Never Give Up,KR,wdtt,Master [362 LP]
1036,Uzi,Royal Never Give Up,KR,FNC Rekkles1,Platinum I
1037,V1per,Team Liquid,NA,Liquid V1per,Challenger [713 LP]
1038,V1per,Team Liquid,KR,TL V1per,Master [5 LP]
1039,VandeR,FC Schalke 04,EUW,IE Shaomi,Unranked
1040,VandeR,FC Schalke 04,EUW,vanderoza,Master [205 LP]
1041,Verfix,Keyd Stars,BR,verfix1,Diamond IV
1042,Viper,Griffin,KR,박수광,"Challenger [1,135 LP]"
1043,Viper,Griffin,KR,ottm,Challenger [761 LP]
1044,viviD,DetonatioN FocusMe,KR,트롤이 된 이유,Diamond I
1045,Vizicsacsi,FC Schalke 04,EUW,S04 Vizicsacsi,Challenger [455 LP]
1046,Vizicsacsi,FC Schalke 04,EUW,OhjUu,Master [274 LP]
1047,Vizicsacsi,FC Schalke 04,KR,Vizicsacsi,Unranked
1048,VVvert,Team oNe eSports,BR,lndigo child,Master [139 LP]
1049,VVvert,Team oNe eSports,BR,V V,Unranked
1050,VVvert,Team oNe eSports,BR,Questao de Tempo,Diamond IV
1051,VVvert,Team oNe eSports,BR,amorzao,Unranked
1052,Wadid,G2 Esports,KR,Wadid,Platinum I
1053,Wadid,G2 Esports,EUW,Wadidi,Unranked
1054,Wadid,G2 Esports,EUW,lIlIlllIlIlIllIl,Unranked
1055,Wadid,G2 Esports,EUW,hols7,Unranked
1056,Wadid,G2 Esports,KR,G2 Wadid,Platinum I
1057,Wadid,G2 Esports,KR,Wadid,Platinum I
1058,Wadid,G2 Esports,KR,G2 와디드,Diamond II
1059,Wako,AHQ e-Sports Club,KR,Teabu pc,Master [97 LP]
1060,Wako,AHQ e-Sports Club,KR,무자비한 힘,Diamond I
1061,Wako,AHQ e-Sports Club,KR,ktmgs,Master [209 LP]
1062,Warzone,EVOS Esports,EUW,Prinsu,Platinum III
1063,Westdoor,AHQ e-Sports Club,KR,소요하다 곡 작,Unranked
1064,Westrice,,NA,C9 Westrice,Challenger [357 LP]
1065,Westrice,,NA,Westrice,Platinum II
1066,Westrice,,KR,C9 Strice,Unranked
1067,WhiteKnight,Unicorns Of Love,EUW,WhiteKnight108,Challenger [456 LP]
1068,WhiteLotus,Rainbow7,EUW,xXplayer69420Xx,Platinum V
1069,Whyin,,NA,Useless Whyin,Master [252 LP]
1070,WildTurtle,FlyQuest,NA,FZ3R0,Unranked
1071,WildTurtle,FlyQuest,NA,alien ling,Master [91 LP]
1072,WildTurtle,FlyQuest,BR,te amo coxinha,Unranked
1073,WildTurtle,FlyQuest,NA,WildTurtle,Challenger [339 LP]
1074,WildTurtle,FlyQuest,NA,Long Cat 4,Unranked
1075,Winter,OpTic Gaming,NA,Winter,Challenger [411 LP]
1076,Winter,OpTic Gaming,NA,21 SUPPORT,Diamond I
1077,Wolf,SK Telecom T1,KR,SKT T1 WoIf,Master [151 LP]
1078,Wolf,SK Telecom T1,NA,LA Kimchi,Unranked
1079,Wolf,SK Telecom T1,BR,DoYouKnowPsy,Unranked
1080,Wolf,SK Telecom T1,KR,슈렐리아의사정,Master [217 LP]
1081,Wos,KaBuM! e-Sports,BR,Little Wos,Challenger [406 LP]
1082,Wos,KaBuM! e-Sports,BR,Wos good guy,Platinum I
1083,Wos,KaBuM! e-Sports,KR,시몬 e Simaria,Diamond I
1084,Wraith,Jin Air Green Wings,KR,Dutch Coffee,Platinum I
1085,Wraith,Jin Air Green Wings,KR,지민짱짱123zx,Platinum II
1086,Wraith,Jin Air Green Wings,KR,집중하자 민지야,Diamond III
1087,Wraith,Jin Air Green Wings,KR,카페라톄,Unranked
1088,Wraith,Jin Air Green Wings,NA,Wraith NA,Unranked
1089,wuji,G-Rex,KR,Zende lihai,Master [180 LP]
1090,Wunder,G2 Esports,EUW,Kim Bae in,Diamond I
1091,Wunder,G2 Esports,EUW,NO Kingen,Master [105 LP]
1092,Wunder,G2 Esports,KR,50 percent wr,Diamond I
1093,Wuxx,,KR,nTMnbzm,Platinum I
1094,Xerxe,Splyce,EUW,Xerxe,Unranked
1095,Xerxe,Splyce,KR,Stumpy,Unranked
1096,xiaohu,Royal Never Give Up,KR,biubiupiu,Unranked
1097,xiaohu,Royal Never Give Up,KR,ybczzl,Diamond III
1098,xiaohu,Royal Never Give Up,KR,To start the,Challenger [419 LP]
1099,Xico,HWA Gaming,EUW,Xico 1v9,Master [166 LP]
1100,xiye,Team World Elite,KR,Kusuri,Unranked
1101,Xmithie,Team Liquid,NA,Xmithie,Diamond I
1102,Xmithie,Team Liquid,NA,Xminie,Unranked
1103,Xmithie,Team Liquid,EUW,Based Yoonah,Platinum III
1104,Xmithie,Team Liquid,KR,늙은제이크,Diamond II
1105,Xpecial,,NA,Xpecial,Diamond I
1106,Xpecial,,NA,Only Sometimes,Gold I
1107,XuHao,Phong Vũ Buffalo,KR,Escanor28,Diamond I
1108,Xyraz,,EUW,MRS Xyraz,Diamond IV
1109,Y1HAN,,KR,weqwezxc2,Unranked
1110,Yang,Vivo Keyd,BR,chinese guy,Diamond II
1111,Yang,Vivo Keyd,BR,2332,Platinum III
1112,Yang,Vivo Keyd,BR,Zerg Safado,Diamond I
1113,Yang,Vivo Keyd,KR,1224444,Platinum II
1114,YiJin,EVOS Esports,EUW,deronai,Platinum II
1115,Youngbin,,NA,Youngbin,Diamond III
1116,Youngbin,,NA,a dooly,Diamond IV
1117,Yutapon,DetonatioN FocusMe,KR,QQ5361451,Diamond II
1118,YutoriMoyashi,Rampage,KR,여유 콩나물,Unranked
1119,Yuuki60,,EUW,azezaezaeaz,Diamond I
1120,Zantins,KaBuM! e-Sports,KR,1m not Korean,Diamond IV
1121,Zanzarah,RoX,EUW,LFT Zanzarah,Challenger [793 LP]
1122,Zealot,Kaos Latin Gamers,EUW,msi1878,Platinum V
1123,Zealot,Kaos Latin Gamers,KR,Croscu Army,Diamond V
1124,Zeitnot,SuperMassive eSports,EUW,zeitnot361,Master [165 LP]
1125,Zeitnot,SuperMassive eSports,KR,배고프면약해진다,Diamond III
1126,Zero,Team World Elite,KR,루키로키록키럭키,Diamond I
1127,Zeros,Phong Vũ Buffalo,KR,Z 5 18 15 S,Master [67 LP]
1128,Zet,,KR,닭 쳐,Master [33 LP]
1129,Zeyzal,Cloud9,KR,나는 가야해,Platinum III
1130,Zeyzal,Cloud9,KR,wcngc1807,Diamond I
1131,Zhergoth,,EUW,31 2661LH 2,Platinum III
1132,Zhergoth,,EUW,JACKETin2K17LUL,Platinum IV
1133,zig,,NA,OG Y0DA,Challenger [370 LP]
1134,zig,,NA,hie,Unranked
1135,zig,,NA,z1g,Unranked
1136,zig,,NA,wim hof,Diamond V
1137,zig,,NA,nothing to Iose,Unranked
1138,zig,,NA,masterminded,Diamond III
1139,Ziriguidun,Keyd Stars,BR,Keyd Ziriguidun,Unranked
1140,Ziriguidun,Keyd Stars,BR,guymkryukiul,Diamond I
1141,Ziv,AHQ e-Sports Club,KR,meng ni nan,Unranked
1142,Ziv,AHQ e-Sports Club,KR,DILtheWABMSide,Master [153 LP]
1143,Zuao,ProGaming e-Sports,BR,Amazing Zuao,Master [154 LP]
1144,Zuao,ProGaming e-Sports,BR,Zuaozito,Unranked
1145,Zven,Team SoloMid,EUW,TSM ZV3N,Platinum II
1146,Zven,Team SoloMid,EUW,G2 ZveniLLaN,Unranked
1147,Zven,Team SoloMid,BR,G2 Gimozzi,Unranked
1148,Zven,Team SoloMid,EUW,IlIlIlIlllIlIlII,Unranked
1149,Zven,Team SoloMid,KR,otgt16,Unranked
1150,Zven,Team SoloMid,NA,TSM Zven,Challenger [973 LP]
1151,Zz1tai,Royal Never Give Up,KR,Ol도류,Diamond I
1152,Zz1tai,Royal Never Give Up,KR,SworDance,Diamond III
1153,Zzus,,KR,IlIIlIIlIIlIlIl,Master [52 LP]
1154,Zzus,,EUW,IlIIIllIIlIlllI,Diamond V
